{
  "best_epoch": 67,
  "peak_worker_0_memory_MB": 5867.3125,
  "peak_gpu_0_memory_MB": 0,
  "training_duration": "2 days, 1:25:51.760133",
  "epoch": 77,
  "training_loss": 1.3748527162861597,
  "training_worker_0_memory_MB": 5867.3125,
  "training_gpu_0_memory_MB": 0.0,
  "validation_ROUGE-1_R": 0.11183884249792943,
  "validation_ROUGE-2_R": 0.00494669417915655,
  "validation_ROUGE-1_P": 0.12601772336901337,
  "validation_ROUGE-2_P": 0.005953907203907205,
  "validation_ROUGE-1_F1": 0.11098007367844716,
  "validation_ROUGE-2_F1": 0.005128490675888759,
  "validation_ROUGE-L": 0.10970001481117915,
  "validation_BLEU": 0.0056282288047872706,
  "validation_loss": 2.2348905503749847,
  "best_validation_ROUGE-1_R": 0.1123005103453998,
  "best_validation_ROUGE-2_R": 0.006941655292475153,
  "best_validation_ROUGE-1_P": 0.12758182695219733,
  "best_validation_ROUGE-2_P": 0.008246112206625822,
  "best_validation_ROUGE-1_F1": 0.1118771744542693,
  "best_validation_ROUGE-2_F1": 0.006986823730158882,
  "best_validation_ROUGE-L": 0.11098734694516077,
  "best_validation_BLEU": 0.0051359047291013645,
  "best_validation_loss": 2.2305603525356243
}